序号,简体,繁体,康熙笔画,字义五行
1,丐,丐,4,木
2,亓,亓,4,木
3,五,五,4,木
4,亢,亢,4,木
5,今,今,4,木
6,介,介,4,木
7,元,元,4,木
8,公,公,4,木
9,勾,勾,4,木
10,匀,勻,4,木
11,卞,卞,4,木
12,及,及,4,木
13,孔,孔,4,木
14,斤,斤,4,木
15,月,月,4,木
16,木,木,4,木
17,牛,牛,4,木
18,丑,丑,4,火
19,中,中,4,火
20,丹,丹,4,火
21,之,之,4,火
22,井,井,4,火
23,仂,仂,4,火
24,仃,仃,4,火
25,仉,仉,4,火
26,六,六,4,火
27,内,內,4,火
28,午,午,4,火
29,天,天,4,火
30,太,太,4,火
31,尺,尺,4,火
32,屯,屯,4,火
33,支,支,4,火
34,斗,斗,4,火
35,日,日,4,火
36,火,火,4,火
37,予,予,4,土
38,允,允,4,土
39,切,切,4,土
40,厄,厄,4,土
41,友,友,4,土
42,夭,夭,4,土
43,尤,尤,4,土
44,尹,尹,4,土
45,引,引,4,土
46,王,王,4,土
47,什,什,4,金
48,仁,仁,4,金
49,仄,仄,4,金
50,仇,仇,4,金
51,仍,仍,4,金
52,兮,兮,4,金
53,冗,冗,4,金
54,刈,刈,4,金
55,升,升,4,金
56,少,少,4,金
57,心,心,4,金
58,手,手,4,金
59,才,才,4,金
60,不,不,4,水
61,互,互,4,水
62,分,分,4,水
63,勿,勿,4,水
64,化,化,4,水
65,匹,匹,4,水
66,卅,卅,4,水
67,反,反,4,水
68,壬,壬,4,水
69,夫,夫,4,水
70,巴,巴,4,水
71,幻,幻,4,水
72,户,戶,4,水
73,文,文,4,水
74,方,方,4,水
75,比,比,4,水
76,毛,毛,4,水
77,水,水,4,水
78,俱,俱,10,木
79,倌,倌,10,木
80,倏,倏,10,木
81,倚,倚,10,木
82,倥,倥,10,木
83,倦,倦,10,木
84,倨,倨,10,木
85,兼,兼,10,木
86,凇,凇,10,木
87,原,原,10,木
88,哥,哥,10,木
89,哭,哭,10,木
90,哮,哮,10,木
91,哽,哽,10,木
92,哿,哿,10,木
93,唁,唁,10,木
94,圄,圄,10,木
95,奚,奚,10,木
96,姬,姬,10,木
97,娟,娟,10,木
98,娩,娩,10,木
99,娱,娛,10,木
100,家,家,10,木
101,屐,屐,10,木
102,岂,豈,10,木
103,峪,峪,10,木
104,库,庫,10,木
105,径,徑,10,木
106,恐,恐,10,木
107,恝,恝,10,木
108,恢,恢,10,木
109,恪,恪,10,木
110,恭,恭,10,木
111,恰,恰,10,木
112,括,括,10,木
113,拮,拮,10,木
114,拱,拱,10,木
115,拳,拳,10,木
116,挎,挎,10,木
117,栓,栓,10,木
118,栝,栝,10,木
119,校,校,10,木
120,栩,栩,10,木
121,株,株,10,木
122,栲,栲,10,木
123,栳,栳,10,木
124,核,核,10,木
125,根,根,10,木
126,格,格,10,木
127,桀,桀,10,木
128,桁,桁,10,木
129,桂,桂,10,木
130,桃,桃,10,木
131,桄,桄,10,木
132,桅,桅,10,木
133,框,框,10,木
134,桉,桉,10,木
135,桊,桊,10,木
136,桌,桌,10,木
137,桎,桎,10,木
138,桐,桐,10,木
139,桑,桑,10,木
140,桓,桓,10,木
141,桔,桔,10,木
142,桕,桕,10,木
143,气,氣,10,木
144,狡,狡,10,木
145,珂,珂,10,木
146,珈,珈,10,木
147,疳,疳,10,木
148,疽,疽,10,木
149,痂,痂,10,木
150,皋,皋,10,木
151,矩,矩,10,木
152,祗,祗,10,木
153,祛,祛,10,木
154,秫,秫,10,木
155,笆,笆,10,木
156,笈,笈,10,木
157,笊,笊,10,木
158,笏,笏,10,木
159,粉,粉,10,木
160,级,級,10,木
161,纭,紜,10,木
162,缺,缺,10,木
163,羔,羔,10,木
164,耆,耆,10,木
165,耕,耕,10,木
166,耙,耙,10,木
167,股,股,10,木
168,肩,肩,10,木
169,肯,肯,10,木
170,肱,肱,10,木
171,肷,肷,10,木
172,臬,臬,10,木
173,芘,芘,10,木
174,芙,芙,10,木
175,芝,芝,10,木
176,芟,芟,10,木
177,芡,芡,10,木
178,芤,芤,10,木
179,芥,芥,10,木
180,芨,芨,10,木
181,芩,芩,10,木
182,芪,芪,10,木
183,芫,芫,10,木
184,芬,芬,10,木
185,芭,芭,10,木
186,芯,芯,10,木
187,芰,芰,10,木
188,花,花,10,木
189,芳,芳,10,木
190,芴,芴,10,木
191,芷,芷,10,木
192,芸,芸,10,木
193,芹,芹,10,木
194,芽,芽,10,木
195,芾,芾,10,木
196,苄,苄,10,木
197,虔,虔,10,木
198,蚣,蚣,10,木
199,蚧,蚧,10,木
200,衾,衾,10,木
201,衿,衿,10,木
202,讦,訐,10,木
203,讧,訌,10,木
204,记,記,10,木
205,豇,豇,10,木
206,贡,貢,10,木
207,起,起,10,木
208,躬,躬,10,木
209,邕,邕,10,木
210,酐,酐,10,木
211,骨,骨,10,木
212,高,高,10,木
213,鬼,鬼,10,木
214,乌,烏,10,火
215,伦,倫,10,火
216,俩,倆,10,火
217,倒,倒,10,火
218,倔,倔,10,火
219,倘,倘,10,火
220,倜,倜,10,火
221,倬,倬,10,火
222,倭,倭,10,火
223,倮,倮,10,火
224,冢,冢,10,火
225,冻,凍,10,火
226,凌,凌,10,火
227,剔,剔,10,火
228,哦,哦,10,火
229,哧,哧,10,火
230,哩,哩,10,火
231,哪,哪,10,火
232,哲,哲,10,火
233,唐,唐,10,火
234,夏,夏,10,火
235,套,套,10,火
236,娌,娌,10,火
237,娘,娘,10,火
238,娜,娜,10,火
239,娣,娣,10,火
240,孬,孬,10,火
241,展,展,10,火
242,岛,島,10,火
243,庭,庭,10,火
244,徒,徒,10,火
245,恁,恁,10,火
246,恍,恍,10,火
247,恕,恕,10,火
248,恣,恣,10,火
249,恧,恧,10,火
250,恫,恫,10,火
251,恬,恬,10,火
252,托,託,10,火
253,拿,拿,10,火
254,挑,挑,10,火
255,挖,挖,10,火
256,料,料,10,火
257,旃,旃,10,火
258,旅,旅,10,火
259,晃,晃,10,火
260,晋,晉,10,火
261,晌,晌,10,火
262,朊,朊,10,火
263,朔,朔,10,火
264,朕,朕,10,火
265,烈,烈,10,火
266,烊,烊,10,火
267,烘,烘,10,火
268,烙,烙,10,火
269,爹,爹,10,火
270,特,特,10,火
271,玲,玲,10,火
272,玳,玳,10,火
273,玷,玷,10,火
274,珍,珍,10,火
275,珏,珏,10,火
276,瓞,瓞,10,火
277,瓴,瓴,10,火
278,留,留,10,火
279,畜,畜,10,火
280,疸,疸,10,火
281,疼,疼,10,火
282,疾,疾,10,火
283,眦,眥,10,火
284,祝,祝,10,火
285,秦,秦,10,火
286,秧,秧,10,火
287,秩,秩,10,火
288,秭,秭,10,火
289,窈,窈,10,火
290,站,站,10,火
291,纳,納,10,火
292,耄,耄,10,火
293,者,者,10,火
294,耻,恥,10,火
295,耽,耽,10,火
296,耿,耿,10,火
297,肢,肢,10,火
298,肭,肭,10,火
299,舀,舀,10,火
300,芮,芮,10,火
301,蚋,蚋,10,火
302,蚪,蚪,10,火
303,衄,衄,10,火
304,衲,衲,10,火
305,衷,衷,10,火
306,讨,討,10,火
307,讯,訊,10,火
308,迅,迅,10,火
309,个,個,10,土
310,俺,俺,10,土
311,冤,冤,10,土
312,员,員,10,土
313,唉,唉,10,土
314,埂,埂,10,土
315,埃,埃,10,土
316,埋,埋,10,土
317,城,城,10,土
318,埏,埏,10,土
319,埒,埒,10,土
320,娓,娓,10,土
321,宴,宴,10,土
322,容,容,10,土
323,岘,峴,10,土
324,峡,峽,10,土
325,峨,峨,10,土
326,峭,峭,10,土
327,恙,恙,10,土
328,恩,恩,10,土
329,按,按,10,土
330,晏,晏,10,土
331,案,案,10,土
332,殷,殷,10,土
333,氤,氤,10,土
334,益,益,10,土
335,盎,盎,10,土
336,眙,眙,10,土
337,眢,眢,10,土
338,砝,砝,10,土
339,砟,砟,10,土
340,砣,砣,10,土
341,砥,砥,10,土
342,砧,砧,10,土
343,砩,砩,10,土
344,砬,砬,10,土
345,砭,砭,10,土
346,砰,砰,10,土
347,破,破,10,土
348,翁,翁,10,土
349,肫,肫,10,土
350,育,育,10,土
351,舁,舁,10,土
352,蚓,蚓,10,土
353,蚜,蚜,10,土
354,袁,袁,10,土
355,軎,軎,10,土
356,轩,軒,10,土
357,迂,迂,10,土
358,酏,酏,10,土
359,乘,乘,10,金
360,书,書,10,金
361,仓,倉,10,金
362,伥,倀,10,金
363,修,修,10,金
364,借,借,10,金
365,倡,倡,10,金
366,倩,倩,10,金
367,倪,倪,10,金
368,凋,凋,10,金
369,刍,芻,10,金
370,刚,剛,10,金
371,剖,剖,10,金
372,剜,剜,10,金
373,剞,剞,10,金
374,剡,剡,10,金
375,剥,剝,10,金
376,厝,厝,10,金
377,叟,叟,10,金
378,哨,哨,10,金
379,哳,哳,10,金
380,唆,唆,10,金
381,唏,唏,10,金
382,唑,唑,10,金
383,奘,奘,10,金
384,娠,娠,10,金
385,孙,孫,10,金
386,宫,宮,10,金
387,宰,宰,10,金
388,宵,宵,10,金
389,宸,宸,10,金
390,射,射,10,金
391,峻,峻,10,金
392,差,差,10,金
393,师,師,10,金
394,席,席,10,金
395,座,座,10,金
396,弱,弱,10,金
397,徐,徐,10,金
398,息,息,10,金
399,扇,扇,10,金
400,拯,拯,10,金
401,拴,拴,10,金
402,拽,拽,10,金
403,拾,拾,10,金
404,持,持,10,金
405,指,指,10,金
406,挈,挈,10,金
407,时,時,10,金
408,晁,晁,10,金
409,栽,栽,10,金
410,殉,殉,10,金
411,殊,殊,10,金
412,狨,狨,10,金
413,狩,狩,10,金
414,珊,珊,10,金
415,畛,畛,10,金
416,疰,疰,10,金
417,疵,疵,10,金
418,疹,疹,10,金
419,痃,痃,10,金
420,痄,痄,10,金
421,症,症,10,金
422,眚,眚,10,金
423,真,真,10,金
424,眨,眨,10,金
425,眩,眩,10,金
426,砦,砦,10,金
427,祖,祖,10,金
428,祚,祚,10,金
429,神,神,10,金
430,祟,祟,10,金
431,祠,祠,10,金
432,租,租,10,金
433,窄,窄,10,金
434,笑,笑,10,金
435,紊,紊,10,金
436,素,素,10,金
437,索,索,10,金
438,纯,純,10,金
439,纸,紙,10,金
440,纾,紓,10,金
441,翅,翅,10,金
442,耖,耖,10,金
443,蚤,蚤,10,金
444,蚩,蚩,10,金
445,衰,衰,10,金
446,衽,衽,10,金
447,讪,訕,10,金
448,豺,豺,10,金
449,财,財,10,金
450,轫,軔,10,金
451,辱,辱,10,金
452,邛,邛,10,金
453,酌,酌,10,金
454,酎,酎,10,金
455,针,針,10,金
456,钉,釘,10,金
457,钊,釗,10,金
458,钋,釙,10,金
459,钌,釕,10,金
460,闪,閃,10,金
461,隼,隼,10,金
462,亩,畝,10,水
463,亳,亳,10,水
464,们,們,10,水
465,俯,俯,10,水
466,俳,俳,10,水
467,俸,俸,10,水
468,俾,俾,10,水
469,倍,倍,10,水
470,候,候,10,水
471,冥,冥,10,水
472,勐,勐,10,水
473,匪,匪,10,水
474,呗,唄,10,水
475,哺,哺,10,水
476,哼,哼,10,水
477,圃,圃,10,水
478,娉,娉,10,水
479,娑,娑,10,水
480,娥,娥,10,水
481,害,害,10,水
482,屑,屑,10,水
483,峰,峯,10,水
484,恂,恂,10,水
485,恒,恆,10,水
486,恚,恚,10,水
487,恤,恤,10,水
488,恨,恨,10,水
489,拶,拶,10,水
490,拼,拼,10,水
491,效,效,10,水
492,敉,敉,10,水
493,旁,旁,10,水
494,旄,旄,10,水
495,旆,旆,10,水
496,汹,洶,10,水
497,洄,洄,10,水
498,洇,洇,10,水
499,洋,洋,10,水
500,洌,洌,10,水
501,洎,洎,10,水
502,洗,洗,10,水
503,洙,洙,10,水
504,洚,洚,10,水
505,洛,洛,10,水
506,洞,洞,10,水
507,津,津,10,水
508,洧,洧,10,水
509,洪,洪,10,水
510,洫,洫,10,水
511,洮,洮,10,水
512,洱,洱,10,水
513,洲,洲,10,水
514,洳,洳,10,水
515,洵,洵,10,水
516,洹,洹,10,水
517,活,活,10,水
518,洽,洽,10,水
519,派,派,10,水
520,流,流,10,水
521,狠,狠,10,水
522,玻,玻,10,水
523,珀,珀,10,水
524,珉,珉,10,水
525,畔,畔,10,水
526,畚,畚,10,水
527,疱,皰,10,水
528,疲,疲,10,水
529,盍,盍,10,水
530,眠,眠,10,水
531,祓,祓,10,水
532,祜,祜,10,水
533,秘,祕,10,水
534,秣,秣,10,水
535,秤,秤,10,水
536,窆,窆,10,水
537,纱,紗,10,水
538,纷,紛,10,水
539,纹,紋,10,水
540,纺,紡,10,水
541,纽,紐,10,水
542,罘,罘,10,水
543,耗,耗,10,水
544,耘,耘,10,水
545,肥,肥,10,水
546,肪,肪,10,水
547,肺,肺,10,水
548,臭,臭,10,水
549,舨,舨,10,水
550,航,航,10,水
551,舫,舫,10,水
552,般,般,10,水
553,舭,舭,10,水
554,蚊,蚊,10,水
555,蚌,蚌,10,水
556,蚍,蚍,10,水
557,蚨,蚨,10,水
558,讫,訖,10,水
559,训,訓,10,水
560,豹,豹,10,水
561,趵,趵,10,水
562,迄,迄,10,水
563,邗,邗,10,水
564,邙,邙,10,水
565,配,配,10,水
566,酒,酒,10,水
567,釜,釜,10,水
568,马,馬,10,水
569,侥,僥,14,木
570,侨,僑,14,木
571,僦,僦,14,木
572,僬,僬,14,木
573,僭,僭,14,木
574,兢,兢,14,木
575,凳,凳,14,木
576,匮,匱,14,木
577,厌,厭,14,木
578,厩,廄,14,木
579,嘁,嘁,14,木
580,嘉,嘉,14,木
581,嘎,嘎,14,木
582,墓,墓,14,木
583,夥,夥,14,木
584,妪,嫗,14,木
585,寨,寨,14,木
586,尝,嘗,14,木
587,帼,幗,14,木
588,幕,幕,14,木
589,廑,廑,14,木
590,廓,廓,14,木
591,忾,愾,14,木
592,愧,愧,14,木
593,慌,慌,14,木
594,截,截,14,木
595,戬,戩,14,木
596,搛,搛,14,木
597,搞,搞,14,木
598,搴,搴,14,木
599,敲,敲,14,木
600,斡,斡,14,木
601,旗,旗,14,木
602,暨,暨,14,木
603,杠,槓,14,木
604,杩,榪,14,木
605,构,構,14,木
606,枪,槍,14,木
607,栗,慄,14,木
608,桤,榿,14,木
609,梦,夢,14,木
610,榍,榍,14,木
611,榕,榕,14,木
612,榛,榛,14,木
613,榜,榜,14,木
614,榧,榧,14,木
615,榨,榨,14,木
616,榫,榫,14,木
617,榭,榭,14,木
618,榱,榱,14,木
619,榴,榴,14,木
620,榷,榷,14,木
621,榻,榻,14,木
622,槁,槁,14,木
623,槊,槊,14,木
624,槌,槌,14,木
625,槎,槎,14,木
626,槐,槐,14,木
627,歉,歉,14,木
628,歌,歌,14,木
629,犒,犒,14,木
630,狱,獄,14,木
631,瑗,瑗,14,木
632,瑟,瑟,14,木
633,疑,疑,14,木
634,瘊,瘊,14,木
635,瘐,瘐,14,木
636,瘕,瘕,14,木
637,皲,皸,14,木
638,睽,睽,14,木
639,睾,睾,14,木
640,竭,竭,14,木
641,笺,箋,14,木
642,筝,箏,14,木
643,箅,箅,14,木
644,箍,箍,14,木
645,箐,箐,14,木
646,箕,箕,14,木
647,算,算,14,木
648,箜,箜,14,木
649,箝,箝,14,木
650,管,管,14,木
651,箢,箢,14,木
652,紧,緊,14,木
653,綦,綦,14,木
654,纲,綱,14,木
655,绮,綺,14,木
656,绲,緄,14,木
657,绻,綣,14,木
658,罨,罨,14,木
659,罪,罪,14,木
660,肇,肇,14,木
661,腈,腈,14,木
662,苌,萇,14,木
663,荣,榮,14,木
664,荦,犖,14,木
665,莱,萊,14,木
666,莽,莽,14,木
667,菀,菀,14,木
668,菁,菁,14,木
669,菅,菅,14,木
670,菇,菇,14,木
671,菊,菊,14,木
672,菌,菌,14,木
673,菔,菔,14,木
674,菖,菖,14,木
675,菘,菘,14,木
676,菜,菜,14,木
677,菝,菝,14,木
678,菟,菟,14,木
679,菡,菡,14,木
680,菥,菥,14,木
681,菩,菩,14,木
682,菪,菪,14,木
683,菰,菰,14,木
684,菱,菱,14,木
685,菲,菲,14,木
686,菸,菸,14,木
687,菹,菹,14,木
688,菽,菽,14,木
689,萁,萁,14,木
690,萃,萃,14,木
691,萄,萄,14,木
692,萆,萆,14,木
693,萋,萋,14,木
694,萌,萌,14,木
695,萎,萎,14,木
696,萏,萏,14,木
697,萑,萑,14,木
698,著,著,14,木
699,蜮,蜮,14,木
700,蜴,蜴,14,木
701,蜷,蜷,14,木
702,蜾,蜾,14,木
703,裴,裴,14,木
704,裾,裾,14,木
705,诫,誡,14,木
706,语,語,14,木
707,诮,誚,14,木
708,诰,誥,14,木
709,诳,誑,14,木
710,赇,賕,14,木
711,赫,赫,14,木
712,赶,趕,14,木
713,跽,跽,14,木
714,轻,輕,14,木
715,迳,逕,14,木
716,逑,逑,14,木
717,逛,逛,14,木
718,郏,郟,14,木
719,郜,郜,14,木
720,郡,郡,14,木
721,郢,郢,14,木
722,酵,酵,14,木
723,酷,酷,14,木
724,降,降,14,木
725,陔,陔,14,木
726,雇,僱,14,木
727,骱,骱,14,木
728,魁,魁,14,木
729,僚,僚,14,火
730,叹,嘆,14,火
731,喽,嘍,14,火
732,嘀,嘀,14,火
733,团,團,14,火
734,图,圖,14,火
735,夺,奪,14,火
736,奁,奩,14,火
737,嫘,嫘,14,火
738,嫜,嫜,14,火
739,嫠,嫠,14,火
740,嫡,嫡,14,火
741,嫩,嫩,14,火
742,宁,寧,14,火
743,寥,寥,14,火
744,对,對,14,火
745,尔,爾,14,火
746,尘,塵,14,火
747,尽,盡,14,火
748,廖,廖,14,火
749,彰,彰,14,火
750,态,態,14,火
751,恺,愷,14,火
752,捣,搗,14,火
753,搌,搌,14,火
754,搦,搦,14,火
755,搪,搪,14,火
756,搭,搭,14,火
757,摇,搖,14,火
758,滕,滕,14,火
759,煽,煽,14,火
760,熄,熄,14,火
761,瑙,瑙,14,火
762,畅,暢,14,火
763,疡,瘍,14,火
764,瘌,瘌,14,火
765,砀,碭,14,火
766,祯,禎,14,火
767,种,種,14,火
768,窝,窩,14,火
769,端,端,14,火
770,粼,粼,14,火
771,纶,綸,14,火
772,绫,綾,14,火
773,绰,綽,14,火
774,绺,綹,14,火
775,绽,綻,14,火
776,绾,綰,14,火
777,绿,綠,14,火
778,缀,綴,14,火
779,缁,緇,14,火
780,罩,罩,14,火
781,置,置,14,火
782,胀,脹,14,火
783,腆,腆,14,火
784,腕,腕,14,火
785,舔,舔,14,火
786,荧,熒,14,火
787,蜩,蜩,14,火
788,蜿,蜿,14,火
789,裰,裰,14,火
790,裳,裳,14,火
791,裸,裸,14,火
792,裹,裹,14,火
793,裼,裼,14,火
794,诶,誒,14,火
795,赵,趙,14,火
796,踉,踉,14,火
797,辄,輒,14,火
798,辣,辣,14,火
799,这,這,14,火
800,连,連,14,火
801,透,透,14,火
802,逐,逐,14,火
803,逖,逖,14,火
804,逗,逗,14,火
805,通,通,14,火
806,逞,逞,14,火
807,酹,酹,14,火
808,陋,陋,14,火
809,雒,雒,14,火
810,靼,靼,14,火
811,鞅,鞅,14,火
812,领,領,14,火
813,与,與,14,土
814,准,準,14,土
815,呕,嘔,14,土
816,嗷,嗷,14,土
817,嘘,噓,14,土
818,垫,墊,14,土
819,堑,塹,14,土
820,塾,塾,14,土
821,墀,墀,14,土
822,墁,墁,14,土
823,境,境,14,土
824,墅,墅,14,土
825,墉,墉,14,土
826,墒,墒,14,土
827,夤,夤,14,土
828,嫣,嫣,14,土
829,寤,寤,14,土
830,岖,嶇,14,土
831,崭,嶄,14,土
832,嵝,嶁,14,土
833,嶂,嶂,14,土
834,廒,廒,14,土
835,愠,慍,14,土
836,旖,旖,14,土
837,殒,殞,14,土
838,氲,氳,14,土
839,温,溫,14,土
840,猿,猿,14,土
841,玮,瑋,14,土
842,瑕,瑕,14,土
843,瑛,瑛,14,土
844,监,監,14,土
845,硕,碩,14,土
846,碟,碟,14,土
847,碣,碣,14,土
848,碥,碥,14,土
849,维,維,14,土
850,翟,翟,14,土
851,肮,骯,14,土
852,腋,腋,14,土
853,诞,誕,14,土
854,诬,誣,14,土
855,误,誤,14,土
856,诱,誘,14,土
857,踊,踊,14,土
858,闺,閨,14,土
859,饴,飴,14,土
860,鸢,鳶,14,土
861,像,像,14,金
862,僖,僖,14,金
863,僧,僧,14,金
864,僮,僮,14,金
865,划,劃,14,金
866,劁,劁,14,金
867,劂,劂,14,金
868,啧,嘖,14,金
869,嗽,嗽,14,金
870,嗾,嗾,14,金
871,嘈,嘈,14,金
872,嫦,嫦,14,金
873,实,實,14,金
874,寝,寢,14,金
875,察,察,14,金
876,寿,壽,14,金
877,屣,屣,14,金
878,帻,幘,14,金
879,怆,愴,14,金
880,悫,愨,14,金
881,愫,愫,14,金
882,慈,慈,14,金
883,慊,慊,14,金
884,戗,戧,14,金
885,抢,搶,14,金
886,损,損,14,金
887,搋,搋,14,金
888,搐,搐,14,金
889,搓,搓,14,金
890,搔,搔,14,金
891,搠,搠,14,金
892,搡,搡,14,金
893,狮,獅,14,金
894,狲,猻,14,金
895,瑜,瑜,14,金
896,瑞,瑞,14,金
897,甄,甄,14,金
898,睹,睹,14,金
899,睿,睿,14,金
900,碡,碡,14,金
901,禊,禊,14,金
902,称,稱,14,金
903,窬,窬,14,金
904,粹,粹,14,金
905,精,精,14,金
906,綮,綮,14,金
907,绶,綬,14,金
908,绸,綢,14,金
909,综,綜,14,金
910,署,署,14,金
911,翠,翠,14,金
912,聚,聚,14,金
913,肾,腎,14,金
914,腔,腔,14,金
915,臧,臧,14,金
916,蜘,蜘,14,金
917,蜣,蜣,14,金
918,蜥,蜥,14,金
919,蜻,蜻,14,金
920,衔,銜,14,金
921,觋,覡,14,金
922,觫,觫,14,金
923,誓,誓,14,金
924,认,認,14,金
925,诚,誠,14,金
926,说,說,14,金
927,诵,誦,14,金
928,赈,賑,14,金
929,赊,賒,14,金
930,逍,逍,14,金
931,途,途,14,金
932,逝,逝,14,金
933,速,速,14,金
934,造,造,14,金
935,逡,逡,14,金
936,郝,郝,14,金
937,酲,酲,14,金
938,酴,酴,14,金
939,酸,酸,14,金
940,銎,銎,14,金
941,铑,銠,14,金
942,铒,鉺,14,金
943,铜,銅,14,金
944,铢,銖,14,金
945,铣,銑,14,金
946,铨,銓,14,金
947,铪,鉿,14,金
948,铫,銚,14,金
949,铬,鉻,14,金
950,铭,銘,14,金
951,铰,鉸,14,金
952,铳,銃,14,金
953,银,銀,14,金
954,铷,銣,14,金
955,阀,閥,14,金
956,限,限,14,金
957,需,需,14,金
958,韶,韶,14,金
959,骰,骰,14,金
960,齐,齊,14,金
961,么,麼,14,水
962,仆,僕,14,水
963,偾,僨,14,水
964,凤,鳳,14,水
965,华,華,14,水
966,哔,嗶,14,水
967,嘌,嘌,14,水
968,嘏,嘏,14,水
969,嫖,嫖,14,水
970,嫫,嫫,14,水
971,孵,孵,14,水
972,宾,賓,14,水
973,寞,寞,14,水
974,寡,寡,14,水
975,幔,幔,14,水
976,搏,搏,14,水
977,搬,搬,14,水
978,暝,暝,14,水
979,沟,溝,14,水
980,沧,滄,14,水
981,洼,窪,14,水
982,湿,溼,14,水
983,溏,溏,14,水
984,源,源,14,水
985,溘,溘,14,水
986,溜,溜,14,水
987,溟,溟,14,水
988,溢,溢,14,水
989,溥,溥,14,水
990,溧,溧,14,水
991,溪,溪,14,水
992,溯,溯,14,水
993,溱,溱,14,水
994,溲,溲,14,水
995,溴,溴,14,水
996,溶,溶,14,水
997,溷,溷,14,水
998,溺,溺,14,水
999,溻,溻,14,水
1000,溽,溽,14,水
1001,滁,滁,14,水
1002,滂,滂,14,水
1003,滇,滇,14,水
1004,滋,滋,14,水
1005,滏,滏,14,水
1006,滑,滑,14,水
1007,滓,滓,14,水
1008,滔,滔,14,水
1009,漓,漓,14,水
1010,熊,熊,14,水
1011,熙,熙,14,水
1012,猾,猾,14,水
1013,珲,琿,14,水
1014,瑁,瑁,14,水
1015,瑚,瑚,14,水
1016,疯,瘋,14,水
1017,痪,瘓,14,水
1018,瞀,瞀,14,水
1019,碧,碧,14,水
1020,祸,禍,14,水
1021,福,福,14,水
1022,窨,窨,14,水
1023,箔,箔,14,水
1024,绯,緋,14,水
1025,绵,綿,14,水
1026,网,網,14,水
1027,翡,翡,14,水
1028,脾,脾,14,水
1029,腐,腐,14,水
1030,腑,腑,14,水
1031,腓,腓,14,水
1032,舞,舞,14,水
1033,艋,艋,14,水
1034,荥,滎,14,水
1035,菏,菏,14,水
1036,菠,菠,14,水
1037,萍,萍,14,水
1038,蜚,蜚,14,水
1039,蜜,蜜,14,水
1040,蜞,蜞,14,水
1041,蜢,蜢,14,水
1042,蜱,蜱,14,水
1043,裨,裨,14,水
1044,裱,裱,14,水
1045,诲,誨,14,水
1046,豪,豪,14,水
1047,貌,貌,14,水
1048,踅,踅,14,水
1049,辅,輔,14,水
1050,逋,逋,14,水
1051,逢,逢,14,水
1052,郗,郗,14,水
1053,郛,郛,14,水
1054,酶,酶,14,水
1055,闻,聞,14,水
1056,闽,閩,14,水
1057,阁,閣,14,水
1058,阂,閡,14,水
1059,陌,陌,14,水
1060,颇,頗,14,水
1061,飑,颮,14,水
1062,飒,颯,14,水
1063,饱,飽,14,水
1064,饲,飼,14,水
1065,驳,駁,14,水
1066,髦,髦,14,水
1067,魂,魂,14,水
1068,鸣,鳴,14,水
1069,麽,麼,14,水
1070,鼻,鼻,14,水
1071,严,嚴,20,木
1072,喾,嚳,20,木
1073,孽,孽,20,木
1074,悬,懸,20,木
1075,攉,攉,20,木
1076,枥,櫪,20,木
1077,栊,櫳,20,木
1078,栌,櫨,20,木
1079,榇,櫬,20,木
1080,槠,櫧,20,木
1081,牺,犧,20,木
1082,献,獻,20,木
1083,琼,瓊,20,木
1084,疖,癤,20,木
1085,竞,競,20,木
1086,筹,籌,20,木
1087,篮,籃,20,木
1088,籍,籍,20,木
1089,纂,纂,20,木
1090,继,繼,20,木
1091,脐,臍,20,木
1092,舰,艦,20,木
1093,荠,薺,20,木
1094,荩,藎,20,木
1095,萨,薩,20,木
1096,蓝,藍,20,木
1097,薯,薯,20,木
1098,薰,薰,20,木
1099,薷,薷,20,木
1100,薹,薹,20,木
1101,藁,藁,20,木
1102,藉,藉,20,木
1103,藏,藏,20,木
1104,藐,藐,20,木
1105,蘖,櫱,20,木
1106,蛴,蠐,20,木
1107,蠖,蠖,20,木
1108,觉,覺,20,木
1109,警,警,20,木
1110,议,議,20,木
1111,遽,遽,20,木
1112,邀,邀,20,木
1113,郐,鄶,20,木
1114,醵,醵,20,木
1115,阚,闞,20,木
1116,馑,饉,20,木
1117,骞,騫,20,木
1118,鲫,鯽,20,木
1119,鳅,鰍,20,木
1120,鳇,鰉,20,木
1121,鹗,鶚,20,木
1122,龃,齟,20,木
1123,党,黨,20,火
1124,宝,寶,20,火
1125,懒,懶,20,火
1126,拢,攏,20,火
1127,曦,曦,20,火
1128,炉,爐,20,火
1129,獭,獺,20,火
1130,矍,矍,20,火
1131,窦,竇,20,火
1132,糯,糯,20,火
1133,罗,羅,20,火
1134,耀,耀,20,火
1135,胧,朧,20,火
1136,腾,騰,20,火
1137,褴,襤,20,火
1138,赡,贍,20,火
1139,赢,贏,20,火
1140,趸,躉,20,火
1141,躅,躅,20,火
1142,醴,醴,20,火
1143,阐,闡,20,火
1144,飘,飄,20,火
1145,骘,騭,20,火
1146,骝,騮,20,火
1147,鲽,鰈,20,火
1148,黧,黧,20,火
1149,龄,齡,20,火
1150,龆,齠,20,火
1151,龇,齜,20,火
1152,嘤,嚶,20,土
1153,壤,壤,20,土
1154,岿,巋,20,土
1155,痒,癢,20,土
1156,矾,礬,20,土
1157,矿,礦,20,土
1158,砺,礪,20,土
1159,砾,礫,20,土
1160,礤,礤,20,土
1161,罂,罌,20,土
1162,邺,鄴,20,土
1163,鹜,鶩,20,土
1164,鼯,鼯,20,土
1165,孀,孀,20,金
1166,缱,繾,20,金
1167,聍,聹,20,金
1168,蝾,蠑,20,金
1169,蠕,蠕,20,金
1170,襦,襦,20,金
1171,触,觸,20,金
1172,译,譯,20,金
1173,谵,譫,20,金
1174,躁,躁,20,金
1175,躇,躇,20,金
1176,邃,邃,20,金
1177,释,釋,20,金
1178,铧,鏵,20,金
1179,铴,鐋,20,金
1180,铹,鐒,20,金
1181,锈,鏽,20,金
1182,镡,鐔,20,金
1183,镣,鐐,20,金
1184,镤,鏷,20,金
1185,镦,鐓,20,金
1186,镫,鐙,20,金
1187,霰,霰,20,金
1188,馐,饈,20,金
1189,馨,馨,20,金
1190,驺,騶,20,金
1191,骚,騷,20,金
1192,骟,騸,20,金
1193,鳃,鰓,20,金
1194,黥,黥,20,金
1195,咸,鹹,20,水
1196,响,響,20,水
1197,怀,懷,20,水
1198,懵,懵,20,水
1199,沥,瀝,20,水
1200,泷,瀧,20,水
1201,泸,瀘,20,水
1202,潆,瀠,20,水
1203,潇,瀟,20,水
1204,潴,瀦,20,水
1205,濑,瀨,20,水
1206,濒,瀕,20,水
1207,瀚,瀚,20,水
1208,瀛,瀛,20,水
1209,瀣,瀣,20,水
1210,缤,繽,20,水
1211,罴,羆,20,水
1212,膑,臏,20,水
1213,艨,艨,20,水
1214,蚝,蠔,20,水
1215,蠓,蠓,20,水
1216,譬,譬,20,水
1217,辫,辮,20,水
1218,迈,邁,20,水
1219,还,還,20,水
1220,避,避,20,水
1221,邂,邂,20,水
1222,露,露,20,水
1223,颟,顢,20,水
1224,馒,饅,20,水
1225,鳆,鰒,20,水
1226,鹕,鶘,20,水
1227,龅,齙,20,水
1228,嚣,囂,21,木
1229,拦,攔,21,木
1230,栏,欄,21,木
1231,樱,櫻,21,木
1232,歼,殲,21,木
1233,纩,纊,21,木
1234,艺,藝,21,木
1235,药,藥,21,木
1236,莺,鶯,21,木
1237,蓦,驀,21,木
1238,薮,藪,21,木
1239,藕,藕,21,木
1240,藜,藜,21,木
1241,藤,藤,21,木
1242,赆,贐,21,木
1243,顾,顧,21,木
1244,颢,顥,21,木
1245,饶,饒,21,木
1246,馈,饋,21,木
1247,驱,驅,21,木
1248,鳏,鰥,21,木
1249,鹘,鶻,21,木
1250,鹣,鶼,21,木
1251,龈,齦,21,木
1252,俪,儷,21,火
1253,傩,儺,21,火
1254,啭,囀,21,火
1255,嚼,嚼,21,火
1256,斓,斕,21,火
1257,曩,曩,21,火
1258,灶,竈,21,火
1259,烂,爛,21,火
1260,珑,瓏,21,火
1261,癞,癩,21,火
1262,粝,糲,21,火
1263,缠,纏,21,火
1264,腊,臘,21,火
1265,蛎,蠣,21,火
1266,蜡,蠟,21,火
1267,袜,襪,21,火
1268,览,覽,21,火
1269,跻,躋,21,火
1270,踌,躊,21,火
1271,迩,邇,21,火
1272,闼,闥,21,火
1273,馔,饌,21,火
1274,骡,騾,21,火
1275,髅,髏,21,火
1276,魑,魑,21,火
1277,鳎,鰨,21,火
1278,鳐,鰩,21,火
1279,鹞,鷂,21,火
1280,巍,巍,21,土
1281,撄,攖,21,土
1282,砻,礱,21,土
1283,礴,礴,21,土
1284,蠡,蠡,21,土
1285,誉,譽,21,土
1286,跃,躍,21,土
1287,骜,驁,21,土
1288,啮,齧,21,金
1289,嗫,囁,21,金
1290,属,屬,21,金
1291,忏,懺,21,金
1292,搀,攙,21,金
1293,续,續,21,金
1294,羼,羼,21,金
1295,蠢,蠢,21,金
1296,谴,譴,21,金
1297,赃,贓,21,金
1298,鄹,鄹,21,金
1299,鐾,鐾,21,金
1300,铁,鐵,21,金
1301,铎,鐸,21,金
1302,铛,鐺,21,金
1303,镌,鐫,21,金
1304,镭,鐳,21,金
1305,镯,鐲,21,金
1306,镰,鐮,21,金
1307,险,險,21,金
1308,随,隨,21,金
1309,隧,隧,21,金
1310,骖,驂,21,金
1311,骢,驄,21,金
1312,鹚,鷀,21,金
1313,鹾,鹺,21,金
1314,麝,麝,21,金
1315,护,護,21,水
1316,攘,攘,21,水
1317,潋,瀲,21,水
1318,澜,瀾,21,水
1319,瀵,瀵,21,水
1320,瀹,瀹,21,水
1321,猕,獼,21,水
1322,缬,纈,21,水
1323,藩,藩,21,水
1324,蠛,蠛,21,水
1325,轰,轟,21,水
1326,辟,闢,21,水
1327,辩,辯,21,水
1328,邈,邈,21,水
1329,醺,醺,21,水
1330,霸,霸,21,水
1331,霹,霹,21,水
1332,飙,飆,21,水
1333,骠,驃,21,水
1334,魔,魔,21,水
1335,鳍,鰭,21,水
1336,鹤,鶴,21,水
1337,黯,黯,21,水
1338,鼙,鼙,21,水
